utility,utility_ratio,agent,n_alt,alt_mat,seed
-1.9362335218443787,1.3483018848137087,S0-L0,0,,0
-1.8652435898085593,1.2988678376872456,S1-L0,0,,0
-1.4360534118157842,1.0,S1-L1,30,,0
-1.7132308871489428,1.1930133468940323,S1-L_alt,1,"[[29], [22], [7], [6], [25], [16], [24], [29], [5], [21], [7], [24], [9], [15], [29], [13], [6], [12], [5], [21], [12], [16], [24], [26], [26], [3], [17], [18], [25], [1]]",0
-1.6474436513625543,1.1472022125413028,S1-L_alt,2,"[[23, 20], [24, 2], [10, 28], [8, 21], [9, 17], [12, 1], [26, 1], [13, 17], [3, 12], [15, 27], [4, 27], [13, 19], [24, 20], [22, 17], [2, 13], [18, 23], [20, 6], [19, 9], [5, 16], [14, 9], [14, 23], [24, 14], [23, 11], [29, 4], [27, 7], [17, 20], [16, 22], [28, 6], [14, 23], [6, 3]]",0
-1.5999604308266782,1.1141371328268672,S1-L_alt,3,"[[22, 24, 21], [20, 6, 22], [19, 21, 8], [15, 28, 17], [1, 29, 11], [10, 4, 21], [23, 0, 15], [19, 12, 18], [0, 2, 12], [23, 16, 10], [1, 28, 18], [0, 29, 20], [8, 5, 21], [11, 12, 5], [19, 17, 22], [0, 26, 14], [0, 21, 3], [14, 21, 15], [24, 1, 29], [4, 5, 14], [2, 12, 17], [1, 6, 14], [17, 8, 4], [29, 10, 20], [14, 23, 8], [7, 19, 28], [4, 11, 15], [24, 14, 29], [20, 15, 26], [10, 5, 21]]",0
-1.577979819645919,1.0988308698425633,S1-L_alt,4,"[[17, 18, 11, 22], [27, 26, 8, 14], [3, 1, 13, 14], [9, 6, 29, 28], [10, 24, 3, 1], [14, 11, 0, 28], [3, 12, 21, 25], [23, 16, 8, 26], [17, 23, 10, 5], [0, 3, 20, 8], [7, 4, 20, 21], [20, 26, 7, 12], [25, 26, 4, 21], [16, 22, 6, 28], [18, 6, 28, 1], [19, 16, 21, 27], [23, 5, 0, 21], [22, 13, 4, 18], [6, 16, 5, 23], [27, 25, 29, 11], [0, 5, 11, 9], [19, 22, 28, 25], [1, 23, 14, 5], [0, 2, 4, 22], [11, 23, 21, 10], [20, 15, 8, 21], [22, 24, 13, 4], [5, 22, 10, 16], [0, 10, 12, 24], [11, 20, 18, 19]]",0
-1.5486437876308186,1.0784026380137715,S1-L_alt,5,"[[21, 4, 2, 13, 22], [13, 23, 4, 21, 2], [14, 15, 28, 1, 16], [28, 14, 22, 24, 16], [15, 0, 22, 6, 5], [8, 12, 15, 20, 16], [1, 9, 0, 13, 29], [10, 8, 2, 12, 29], [18, 23, 21, 6, 14], [14, 7, 16, 17, 29], [20, 29, 22, 11, 24], [20, 3, 9, 25, 14], [26, 19, 14, 4, 29], [6, 25, 14, 24, 18], [18, 21, 8, 25, 2], [23, 29, 6, 7, 12], [18, 22, 11, 10, 1], [10, 20, 28, 6, 21], [6, 15, 1, 24, 27], [23, 0, 16, 11, 27], [19, 7, 23, 24, 9], [11, 27, 2, 29, 8], [7, 23, 11, 18, 27], [24, 3, 26, 11, 18], [15, 23, 0, 20, 18], [29, 22, 2, 1, 18], [19, 16, 25, 24, 12], [2, 9, 7, 24, 22], [22, 0, 4, 5, 21], [12, 28, 10, 9, 5]]",0
-1.528121840321951,1.064112119889575,S1-L_alt,6,"[[16, 9, 27, 20, 15, 3], [19, 21, 29, 8, 10, 13], [28, 21, 4, 27, 9, 29], [20, 8, 24, 14, 18, 11], [6, 16, 8, 24, 0, 15], [25, 0, 20, 7, 26, 14], [1, 25, 9, 3, 28, 7], [26, 5, 0, 2, 1, 28], [16, 22, 6, 13, 1, 18], [20, 6, 29, 19, 3, 7], [2, 1, 12, 23, 22, 27], [17, 1, 28, 3, 13, 18], [20, 7, 24, 18, 9, 25], [29, 7, 15, 28, 18, 9], [3, 9, 22, 17, 26, 12], [9, 13, 16, 23, 10, 6], [1, 18, 19, 17, 11, 28], [13, 2, 5, 19, 21, 10], [13, 1, 11, 9, 26, 29], [2, 6, 14, 23, 17, 21], [24, 29, 14, 13, 9, 6], [25, 18, 23, 19, 14, 24], [11, 25, 15, 4, 5, 23], [3, 22, 2, 9, 12, 8], [6, 2, 15, 23, 17, 20], [24, 3, 22, 1, 9, 14], [9, 29, 14, 25, 22, 27], [5, 7, 13, 4, 21, 3], [22, 11, 27, 18, 20, 23], [26, 1, 11, 20, 25, 27]]",0
-1.5306164470383634,1.0658492465840885,S1-L_alt,7,"[[7, 22, 10, 2, 29, 8, 15], [11, 21, 17, 2, 8, 7, 27], [28, 8, 23, 27, 1, 9, 22], [23, 29, 16, 14, 0, 2, 11], [3, 2, 17, 19, 21, 5, 14], [16, 19, 14, 12, 21, 9, 1], [7, 0, 18, 22, 26, 14, 20], [27, 15, 10, 16, 28, 24, 0], [23, 24, 10, 0, 19, 9, 3], [28, 7, 0, 20, 18, 6, 13], [28, 29, 2, 5, 22, 15, 8], [8, 15, 17, 6, 4, 0, 16], [6, 18, 0, 26, 8, 9, 1], [28, 24, 6, 18, 4, 2, 1], [28, 29, 16, 23, 11, 26, 2], [27, 19, 22, 4, 25, 2, 8], [5, 29, 18, 12, 10, 17, 26], [27, 22, 10, 11, 13, 0, 24], [7, 24, 6, 0, 11, 13, 1], [4, 24, 23, 10, 8, 14, 5], [5, 19, 29, 11, 3, 13, 12], [19, 0, 6, 14, 22, 20, 10], [5, 28, 18, 6, 14, 21, 10], [2, 5, 3, 27, 9, 11, 8], [27, 26, 16, 19, 13, 0, 10], [11, 2, 28, 6, 24, 10, 4], [15, 12, 14, 18, 27, 8, 3], [16, 15, 3, 10, 0, 29, 24], [29, 19, 7, 26, 0, 16, 18], [3, 16, 23, 8, 26, 28, 0]]",0
-1.5281740661659373,1.064148487509022,S1-L_alt,8,"[[15, 20, 16, 3, 17, 14, 9, 6], [20, 3, 4, 18, 21, 2, 15, 24], [5, 19, 13, 6, 21, 26, 27, 18], [11, 20, 9, 23, 24, 28, 13, 26], [15, 2, 8, 1, 25, 14, 26, 0], [13, 26, 25, 20, 6, 12, 22, 15], [10, 19, 14, 27, 11, 2, 20, 18], [1, 25, 9, 6, 10, 12, 3, 22], [10, 3, 24, 15, 26, 25, 14, 13], [21, 26, 29, 14, 8, 17, 19, 0], [27, 20, 17, 22, 0, 19, 16, 28], [12, 9, 21, 3, 16, 7, 29, 8], [23, 20, 3, 11, 0, 10, 9, 14], [22, 6, 7, 15, 25, 12, 8, 2], [15, 18, 20, 0, 5, 12, 28, 23], [16, 6, 20, 0, 27, 4, 7, 9], [12, 6, 8, 10, 27, 0, 26, 25], [10, 7, 24, 22, 2, 26, 27, 28], [1, 22, 7, 17, 9, 20, 13, 4], [9, 24, 16, 0, 3, 10, 1, 13], [11, 15, 28, 26, 27, 14, 3, 17], [10, 27, 23, 24, 9, 26, 7, 19], [15, 29, 10, 13, 23, 24, 0, 2], [22, 4, 26, 16, 19, 5, 17, 11], [12, 1, 25, 29, 5, 3, 6, 21], [3, 8, 19, 10, 2, 11, 13, 21], [21, 14, 5, 16, 9, 27, 23, 2], [9, 21, 29, 28, 14, 18, 17, 6], [6, 18, 2, 3, 25, 17, 11, 21], [4, 8, 5, 14, 27, 15, 13, 11]]",0
-1.5061155206618662,1.048787954730384,S1-L_alt,9,"[[1, 26, 20, 10, 21, 23, 6, 13, 19], [29, 10, 23, 27, 3, 4, 22, 16, 25], [16, 28, 10, 5, 0, 6, 3, 14, 1], [7, 10, 15, 20, 24, 21, 1, 4, 27], [13, 24, 14, 2, 19, 9, 0, 28, 20], [2, 29, 17, 1, 3, 19, 27, 13, 6], [24, 20, 0, 19, 27, 28, 12, 16, 2], [22, 17, 23, 14, 5, 18, 19, 27, 13], [2, 13, 27, 9, 18, 22, 28, 25, 12], [20, 19, 13, 27, 8, 5, 21, 11, 10], [23, 22, 3, 11, 25, 26, 27, 15, 18], [24, 2, 9, 4, 14, 5, 1, 16, 23], [7, 23, 6, 17, 10, 15, 13, 21, 20], [25, 0, 2, 19, 1, 9, 21, 5, 7], [18, 4, 25, 29, 20, 12, 2, 5, 13], [14, 4, 9, 10, 3, 12, 24, 25, 13], [0, 28, 27, 29, 3, 5, 14, 7, 15], [2, 25, 0, 20, 3, 27, 15, 5, 6], [15, 7, 26, 12, 6, 23, 10, 16, 8], [8, 14, 13, 11, 18, 27, 4, 0, 16], [18, 10, 14, 5, 27, 4, 6, 13, 22], [14, 16, 0, 23, 1, 20, 2, 7, 5], [8, 5, 7, 1, 11, 12, 6, 16, 15], [21, 25, 9, 15, 0, 29, 24, 2, 17], [22, 3, 27, 1, 25, 11, 10, 16, 4], [12, 21, 19, 7, 10, 2, 11, 1, 6], [9, 8, 17, 18, 25, 11, 12, 10, 5], [14, 17, 23, 8, 5, 29, 18, 28, 10], [26, 8, 21, 19, 7, 23, 16, 24, 12], [12, 24, 3, 16, 20, 13, 2, 19, 14]]",0
-1.4952725887299283,1.041237447316995,S1-L_alt,10,"[[17, 22, 7, 5, 16, 11, 25, 2, 3, 4], [6, 4, 29, 13, 21, 2, 9, 10, 20, 16], [18, 22, 3, 23, 19, 7, 4, 1, 26, 27], [2, 11, 4, 24, 18, 10, 26, 1, 15, 23], [3, 12, 27, 19, 1, 0, 22, 10, 15, 7], [16, 21, 24, 9, 27, 8, 15, 23, 29, 18], [7, 22, 9, 3, 16, 19, 27, 24, 14, 0], [9, 10, 19, 23, 11, 27, 15, 0, 4, 8], [29, 17, 20, 26, 22, 10, 5, 14, 0, 19], [15, 4, 19, 13, 12, 22, 1, 23, 0, 14], [15, 13, 26, 24, 6, 2, 22, 20, 17, 1], [8, 25, 16, 10, 0, 3, 26, 7, 23, 4], [2, 25, 0, 11, 16, 18, 10, 26, 23, 29], [7, 3, 8, 6, 5, 2, 4, 15, 23, 25], [3, 29, 1, 5, 18, 25, 2, 22, 12, 6], [2, 19, 3, 24, 13, 5, 8, 27, 16, 29], [8, 29, 3, 23, 1, 2, 11, 18, 22, 4], [29, 15, 8, 5, 0, 7, 9, 20, 1, 12], [25, 2, 27, 28, 19, 3, 17, 23, 9, 22], [28, 17, 21, 29, 13, 27, 16, 5, 4, 3], [27, 10, 7, 13, 24, 17, 29, 1, 4, 18], [2, 16, 6, 27, 8, 15, 5, 7, 25, 11], [10, 23, 8, 21, 11, 20, 0, 7, 19, 26], [27, 25, 13, 29, 19, 28, 16, 15, 0, 22], [2, 22, 10, 11, 12, 13, 7, 28, 4, 20], [28, 5, 6, 20, 21, 17, 26, 27, 14, 15], [21, 14, 24, 28, 13, 5, 27, 11, 22, 1], [18, 28, 25, 14, 8, 4, 3, 1, 7, 26], [24, 6, 10, 26, 2, 4, 11, 21, 12, 9], [21, 17, 12, 19, 16, 9, 1, 2, 23, 18]]",0
-1.4813165514644537,1.0315191198852678,S1-L_alt,11,"[[6, 29, 23, 4, 28, 3, 13, 19, 27, 24, 16], [0, 4, 12, 2, 7, 29, 3, 8, 22, 26, 5], [13, 16, 29, 27, 28, 14, 22, 11, 23, 8, 3], [15, 2, 25, 4, 13, 24, 6, 27, 16, 9, 12], [20, 10, 24, 7, 8, 18, 13, 17, 15, 16, 29], [25, 22, 21, 16, 10, 18, 0, 13, 26, 11, 23], [13, 11, 9, 24, 4, 7, 3, 8, 5, 26, 17], [29, 16, 28, 26, 0, 11, 3, 21, 6, 10, 17], [16, 22, 2, 7, 23, 24, 1, 5, 21, 13, 20], [16, 19, 24, 18, 2, 6, 11, 4, 21, 10, 17], [14, 1, 19, 25, 29, 16, 26, 4, 2, 20, 21], [20, 10, 23, 12, 3, 7, 21, 9, 1, 16, 8], [17, 22, 19, 10, 28, 26, 7, 14, 21, 18, 24], [14, 19, 1, 20, 21, 9, 12, 6, 24, 11, 0], [4, 11, 27, 21, 5, 8, 0, 26, 28, 9, 2], [21, 24, 11, 8, 14, 28, 25, 7, 4, 16, 27], [12, 19, 23, 17, 29, 25, 28, 27, 24, 26, 11], [19, 21, 16, 2, 27, 12, 20, 29, 8, 14, 13], [16, 1, 9, 23, 3, 5, 24, 19, 8, 25, 26], [11, 21, 1, 28, 8, 13, 20, 12, 25, 9, 24], [7, 12, 18, 26, 25, 27, 9, 24, 6, 16, 2], [23, 20, 5, 13, 14, 0, 24, 16, 2, 27, 15], [8, 26, 20, 28, 19, 2, 27, 13, 21, 12, 10], [3, 0, 18, 25, 12, 26, 8, 13, 14, 2, 11], [4, 26, 13, 23, 7, 14, 11, 2, 8, 27, 22], [2, 24, 1, 12, 0, 28, 26, 23, 19, 10, 4], [6, 17, 0, 5, 27, 23, 11, 1, 25, 29, 8], [2, 7, 16, 6, 13, 15, 9, 12, 14, 22, 8], [1, 19, 2, 25, 11, 17, 4, 26, 14, 9, 18], [16, 27, 14, 13, 15, 4, 7, 2, 24, 0, 9]]",0
-1.4870621265550767,1.0355200679303396,S1-L_alt,12,"[[21, 9, 7, 22, 17, 5, 1, 10, 29, 28, 24, 27], [8, 11, 20, 0, 15, 13, 5, 28, 6, 4, 3, 7], [19, 10, 28, 14, 29, 12, 9, 13, 7, 20, 16, 23], [7, 24, 17, 22, 23, 27, 1, 0, 6, 19, 20, 8], [21, 7, 26, 18, 9, 22, 11, 14, 28, 15, 12, 27], [8, 29, 10, 19, 22, 14, 20, 17, 1, 25, 28, 0], [1, 23, 28, 25, 29, 4, 26, 24, 9, 20, 17, 0], [13, 17, 5, 11, 26, 25, 28, 19, 23, 3, 15, 8], [28, 12, 3, 27, 22, 23, 6, 17, 2, 16, 26, 13], [8, 7, 13, 4, 5, 23, 12, 20, 6, 2, 0, 21], [17, 24, 14, 4, 29, 0, 26, 21, 27, 1, 5, 6], [2, 10, 18, 6, 22, 8, 28, 4, 26, 0, 14, 25], [6, 7, 29, 21, 19, 5, 23, 18, 13, 2, 22, 10], [29, 17, 22, 4, 24, 23, 19, 14, 26, 2, 28, 27], [11, 6, 23, 21, 26, 8, 9, 25, 24, 0, 20, 22], [19, 7, 1, 26, 4, 5, 27, 9, 18, 17, 11, 29], [13, 17, 26, 4, 9, 3, 1, 27, 20, 29, 22, 6], [9, 3, 19, 2, 15, 26, 1, 13, 7, 4, 23, 20], [0, 23, 25, 24, 13, 22, 17, 12, 21, 8, 28, 10], [0, 4, 18, 11, 27, 20, 25, 26, 17, 28, 15, 6], [24, 17, 8, 3, 21, 13, 27, 11, 23, 22, 29, 0], [10, 12, 11, 7, 0, 3, 16, 1, 19, 25, 20, 5], [12, 14, 29, 18, 19, 5, 27, 25, 0, 10, 1, 6], [22, 10, 20, 29, 27, 24, 13, 6, 7, 14, 11, 12], [29, 6, 5, 25, 21, 3, 18, 16, 15, 14, 19, 23], [7, 19, 17, 11, 2, 22, 6, 24, 28, 29, 20, 12], [22, 20, 17, 3, 11, 12, 27, 16, 23, 9, 29, 0], [16, 24, 26, 2, 20, 6, 3, 25, 22, 11, 21, 28], [24, 16, 12, 25, 17, 22, 10, 21, 11, 15, 19, 5], [13, 24, 5, 12, 14, 21, 8, 10, 1, 15, 26, 19]]",0
-1.4723743043956696,1.0252921599440792,S1-L_alt,13,"[[9, 8, 6, 28, 23, 3, 17, 20, 26, 12, 24, 22, 16], [14, 28, 21, 26, 3, 19, 23, 5, 9, 10, 4, 11, 0], [22, 17, 10, 12, 25, 4, 6, 0, 18, 27, 21, 13, 8], [15, 29, 1, 23, 22, 10, 20, 27, 18, 11, 25, 6, 9], [1, 6, 12, 10, 27, 19, 13, 0, 3, 18, 8, 11, 2], [2, 9, 1, 24, 26, 25, 20, 4, 14, 13, 28, 12, 21], [22, 13, 14, 28, 11, 27, 8, 20, 2, 19, 10, 7, 24], [13, 20, 27, 25, 11, 22, 8, 5, 18, 10, 29, 4, 23], [19, 5, 28, 27, 21, 29, 22, 0, 16, 13, 2, 20, 26], [13, 26, 21, 2, 6, 22, 5, 28, 7, 23, 11, 20, 27], [9, 11, 1, 2, 16, 22, 26, 27, 7, 4, 21, 29, 23], [21, 14, 7, 19, 12, 15, 24, 4, 29, 27, 28, 3, 17], [27, 4, 14, 7, 28, 17, 5, 3, 24, 15, 13, 16, 23], [2, 25, 24, 28, 15, 3, 26, 8, 17, 5, 14, 4, 7], [15, 23, 25, 18, 19, 11, 21, 27, 3, 5, 2, 8, 26], [5, 9, 29, 25, 3, 17, 16, 6, 18, 10, 14, 21, 23], [5, 14, 6, 10, 25, 22, 21, 8, 11, 17, 9, 4, 13], [7, 3, 6, 29, 28, 11, 18, 12, 10, 14, 8, 26, 5], [17, 27, 25, 11, 23, 10, 14, 6, 28, 5, 15, 21, 26], [5, 1, 20, 22, 9, 2, 21, 8, 6, 4, 3, 12, 18], [23, 10, 15, 29, 3, 27, 11, 7, 12, 13, 5, 14, 8], [2, 3, 11, 16, 28, 10, 1, 15, 0, 12, 22, 14, 20], [25, 7, 0, 5, 15, 24, 6, 10, 29, 1, 11, 26, 19], [17, 29, 14, 4, 27, 28, 0, 9, 3, 15, 10, 13, 8], [22, 14, 9, 20, 29, 11, 2, 28, 10, 0, 26, 19, 12], [28, 17, 20, 11, 29, 9, 24, 26, 23, 0, 8, 27, 4], [10, 1, 19, 5, 17, 3, 18, 12, 14, 0, 9, 11, 21], [0, 18, 3, 5, 20, 11, 25, 24, 14, 29, 28, 13, 15], [2, 8, 4, 9, 11, 21, 13, 18, 10, 7, 20, 12, 1], [22, 5, 2, 15, 27, 11, 8, 12, 19, 18, 9, 14, 0]]",0
-1.4722155000943087,1.0251815761036354,S1-L_alt,14,"[[1, 11, 16, 21, 14, 4, 17, 2, 9, 24, 7, 8, 5, 18], [9, 20, 25, 5, 21, 18, 4, 23, 0, 19, 3, 15, 26, 17], [14, 1, 21, 16, 5, 24, 0, 25, 3, 12, 15, 4, 29, 27], [1, 14, 6, 26, 10, 24, 7, 23, 19, 20, 25, 12, 8, 0], [23, 12, 11, 1, 9, 22, 3, 27, 15, 7, 24, 26, 2, 28], [10, 24, 7, 4, 25, 21, 3, 6, 29, 28, 2, 9, 19, 0], [25, 4, 19, 12, 16, 13, 23, 21, 26, 7, 5, 18, 8, 2], [23, 14, 29, 15, 18, 21, 20, 8, 5, 22, 10, 28, 16, 11], [19, 9, 3, 14, 6, 16, 17, 20, 29, 11, 2, 12, 27, 26], [13, 24, 10, 23, 12, 25, 18, 2, 27, 4, 21, 14, 7, 11], [4, 17, 1, 0, 20, 6, 2, 23, 16, 5, 27, 9, 15, 28], [24, 13, 7, 18, 10, 3, 21, 29, 12, 6, 15, 9, 1, 14], [13, 7, 24, 8, 17, 21, 2, 26, 1, 5, 18, 0, 25, 19], [0, 2, 18, 7, 29, 26, 9, 21, 10, 24, 22, 27, 17, 4], [6, 27, 11, 10, 26, 15, 20, 12, 9, 21, 23, 24, 1, 29], [8, 1, 21, 28, 26, 20, 10, 9, 3, 23, 16, 18, 24, 6], [11, 18, 19, 1, 8, 5, 20, 28, 7, 2, 21, 17, 25, 6], [6, 8, 19, 9, 2, 1, 15, 18, 0, 22, 13, 24, 5, 26], [14, 22, 24, 4, 12, 2, 1, 16, 10, 19, 21, 15, 3, 13], [18, 0, 25, 6, 9, 13, 12, 5, 29, 27, 21, 26, 23, 1], [6, 23, 19, 27, 29, 24, 18, 25, 22, 2, 5, 1, 11, 8], [23, 4, 3, 17, 29, 2, 1, 6, 16, 8, 28, 14, 10, 7], [10, 0, 11, 18, 16, 23, 6, 8, 28, 15, 25, 19, 4, 29], [17, 15, 27, 6, 20, 19, 13, 4, 18, 9, 24, 8, 22, 7], [5, 9, 13, 7, 4, 8, 19, 6, 12, 26, 14, 29, 15, 2], [29, 20, 13, 24, 19, 7, 4, 11, 3, 5, 28, 2, 17, 16], [4, 21, 27, 3, 5, 1, 24, 15, 13, 17, 22, 2, 12, 28], [15, 3, 10, 16, 4, 14, 23, 6, 24, 0, 19, 29, 18, 12], [11, 17, 23, 8, 21, 29, 14, 15, 7, 24, 0, 22, 19, 6], [19, 6, 5, 23, 20, 11, 27, 12, 1, 3, 25, 2, 28, 10]]",0
-1.4725615001804675,1.0254225142771825,S1-L_alt,15,"[[7, 11, 3, 21, 17, 9, 8, 26, 14, 28, 23, 15, 4, 16, 6], [24, 28, 11, 14, 22, 12, 20, 6, 23, 16, 8, 0, 17, 21, 7], [20, 26, 18, 11, 14, 17, 21, 27, 12, 15, 9, 4, 7, 13, 29], [29, 24, 1, 17, 20, 26, 10, 12, 16, 15, 21, 7, 5, 27, 9], [5, 0, 18, 19, 7, 24, 14, 13, 11, 15, 3, 17, 21, 16, 1], [10, 4, 1, 14, 3, 2, 9, 16, 26, 28, 22, 13, 20, 27, 0], [19, 13, 25, 29, 20, 2, 10, 24, 12, 9, 23, 27, 17, 22, 21], [0, 18, 1, 12, 13, 6, 24, 28, 22, 15, 25, 19, 4, 3, 9], [21, 13, 22, 10, 5, 17, 29, 23, 4, 24, 20, 15, 19, 12, 9], [7, 27, 12, 19, 20, 1, 25, 26, 18, 8, 28, 13, 21, 29, 16], [14, 28, 22, 4, 23, 5, 7, 8, 18, 0, 26, 13, 3, 27, 6], [9, 28, 5, 16, 3, 10, 20, 14, 23, 21, 1, 18, 22, 19, 24], [10, 19, 20, 11, 1, 5, 13, 18, 26, 4, 7, 9, 29, 14, 17], [18, 23, 29, 1, 27, 22, 20, 26, 12, 9, 21, 24, 0, 19, 17], [18, 26, 27, 29, 2, 0, 23, 7, 13, 20, 5, 9, 25, 3, 15], [10, 28, 1, 22, 9, 7, 20, 13, 5, 25, 21, 8, 6, 24, 27], [26, 27, 23, 10, 6, 4, 0, 3, 28, 11, 20, 7, 21, 17, 24], [13, 0, 26, 18, 16, 19, 9, 3, 21, 2, 7, 22, 12, 15, 25], [24, 19, 22, 16, 3, 12, 25, 15, 27, 13, 8, 1, 23, 7, 21], [20, 11, 23, 4, 0, 10, 7, 6, 26, 28, 22, 14, 12, 5, 9], [17, 1, 26, 6, 0, 21, 22, 19, 7, 14, 15, 29, 4, 8, 12], [0, 8, 3, 5, 12, 14, 24, 20, 2, 26, 18, 28, 29, 25, 6], [26, 2, 21, 1, 17, 12, 19, 10, 29, 24, 11, 20, 8, 6, 7], [28, 27, 10, 29, 19, 24, 14, 18, 7, 0, 9, 4, 16, 25, 17], [19, 25, 29, 28, 16, 0, 13, 7, 18, 20, 26, 14, 12, 2, 23], [8, 28, 5, 21, 19, 14, 24, 4, 3, 23, 6, 29, 17, 22, 2], [12, 17, 22, 15, 1, 20, 28, 14, 13, 29, 8, 21, 6, 11, 19], [3, 1, 25, 14, 8, 10, 9, 17, 6, 23, 22, 12, 18, 28, 26], [17, 9, 8, 3, 24, 0, 15, 11, 1, 20, 7, 25, 4, 14, 5], [28, 7, 15, 11, 2, 3, 12, 23, 24, 14, 10, 5, 20, 13, 26]]",0
-1.471378715254121,1.0245988785289473,S1-L_alt,16,"[[24, 26, 28, 27, 17, 21, 23, 8, 29, 12, 4, 7, 25, 5, 1, 22], [28, 2, 5, 26, 4, 18, 16, 14, 12, 13, 7, 19, 24, 20, 3, 11], [21, 9, 10, 5, 13, 23, 6, 11, 1, 20, 7, 19, 12, 18, 25, 28], [12, 21, 2, 15, 22, 26, 1, 8, 27, 28, 29, 9, 18, 23, 14, 5], [17, 15, 9, 18, 16, 27, 28, 19, 29, 14, 22, 13, 12, 26, 25, 23], [24, 0, 28, 25, 13, 27, 1, 22, 4, 20, 16, 9, 6, 23, 10, 11], [22, 9, 2, 15, 12, 4, 28, 16, 3, 14, 13, 20, 19, 27, 10, 5], [14, 18, 24, 28, 20, 17, 25, 4, 13, 15, 23, 29, 19, 22, 2, 0], [15, 5, 24, 29, 4, 26, 14, 0, 18, 13, 22, 28, 21, 27, 1, 20], [16, 27, 3, 18, 1, 10, 8, 12, 28, 24, 6, 5, 23, 7, 29, 13], [13, 22, 19, 17, 12, 18, 20, 2, 28, 23, 24, 26, 7, 3, 5, 27], [18, 15, 25, 8, 22, 24, 6, 0, 3, 27, 16, 28, 5, 14, 21, 13], [19, 26, 21, 0, 2, 20, 4, 1, 25, 18, 27, 15, 17, 8, 14, 5], [1, 0, 14, 11, 15, 3, 24, 18, 20, 10, 5, 27, 23, 25, 6, 19], [28, 1, 17, 12, 0, 29, 7, 20, 4, 6, 16, 25, 22, 18, 23, 15], [14, 10, 25, 13, 16, 0, 7, 22, 27, 4, 2, 1, 6, 8, 5, 12], [20, 1, 5, 13, 8, 9, 3, 7, 6, 11, 26, 24, 15, 22, 29, 18], [29, 25, 21, 2, 13, 19, 24, 0, 9, 20, 18, 10, 23, 11, 16, 7], [19, 28, 11, 8, 17, 1, 20, 14, 5, 9, 10, 24, 6, 15, 22, 7], [13, 1, 20, 6, 29, 3, 26, 2, 9, 10, 11, 8, 27, 21, 17, 0], [22, 10, 14, 25, 23, 29, 28, 0, 26, 5, 12, 7, 27, 19, 9, 1], [13, 24, 28, 1, 10, 22, 6, 9, 25, 29, 16, 3, 17, 14, 27, 26], [17, 29, 26, 0, 5, 7, 28, 12, 6, 1, 27, 14, 15, 9, 8, 18], [9, 17, 22, 3, 19, 2, 25, 16, 0, 7, 4, 12, 24, 18, 20, 29], [15, 9, 4, 28, 2, 7, 1, 23, 25, 27, 10, 8, 11, 3, 17, 22], [7, 11, 5, 21, 17, 29, 24, 1, 3, 27, 22, 9, 0, 18, 15, 28], [3, 1, 14, 12, 7, 4, 0, 18, 8, 24, 5, 10, 19, 15, 23, 25], [13, 1, 21, 17, 29, 0, 5, 22, 7, 15, 10, 19, 8, 16, 6, 28], [15, 11, 10, 22, 3, 29, 14, 17, 20, 6, 16, 27, 2, 1, 4, 7], [2, 1, 19, 16, 26, 0, 6, 10, 24, 12, 14, 5, 9, 20, 8, 7]]",0
-1.4619629028834316,1.0180421500025454,S1-L_alt,17,"[[1, 28, 24, 23, 6, 18, 16, 27, 5, 8, 11, 20, 26, 10, 13, 4, 22], [5, 26, 3, 14, 12, 27, 19, 18, 17, 29, 15, 0, 28, 13, 21, 9, 4], [1, 5, 7, 21, 18, 3, 19, 28, 0, 9, 10, 29, 24, 11, 22, 23, 4], [9, 12, 1, 11, 4, 26, 28, 2, 27, 18, 0, 14, 6, 23, 25, 22, 19], [10, 2, 27, 7, 24, 6, 19, 0, 25, 23, 21, 18, 28, 17, 14, 16, 29], [6, 4, 1, 21, 18, 7, 2, 17, 23, 10, 25, 13, 26, 16, 28, 22, 8], [14, 0, 7, 12, 21, 3, 13, 28, 27, 4, 11, 9, 5, 18, 25, 15, 24], [17, 21, 12, 25, 3, 20, 2, 23, 26, 11, 24, 4, 15, 5, 0, 18, 16], [21, 25, 0, 22, 5, 28, 26, 11, 1, 4, 23, 17, 12, 19, 15, 24, 9], [8, 21, 20, 13, 1, 3, 18, 2, 23, 24, 27, 5, 22, 11, 7, 10, 26], [13, 28, 27, 20, 24, 3, 21, 26, 6, 9, 5, 17, 12, 15, 4, 25, 22], [25, 4, 8, 23, 18, 12, 1, 15, 20, 17, 14, 10, 26, 5, 0, 27, 2], [27, 5, 2, 26, 3, 16, 8, 13, 24, 23, 1, 9, 11, 10, 15, 25, 20], [11, 0, 15, 26, 5, 2, 16, 21, 23, 29, 8, 12, 22, 24, 6, 4, 9], [22, 16, 29, 9, 15, 3, 13, 10, 4, 12, 5, 8, 24, 25, 21, 18, 27], [17, 4, 14, 9, 22, 16, 29, 3, 6, 23, 13, 24, 1, 8, 25, 19, 10], [18, 15, 19, 8, 6, 17, 0, 4, 29, 5, 24, 12, 3, 2, 28, 23, 9], [3, 8, 5, 26, 16, 2, 29, 10, 4, 0, 22, 6, 11, 25, 9, 28, 1], [26, 0, 14, 21, 27, 17, 15, 4, 20, 23, 25, 1, 3, 9, 7, 2, 24], [21, 15, 0, 28, 17, 20, 14, 24, 22, 27, 11, 8, 26, 13, 25, 4, 16], [0, 27, 16, 10, 26, 24, 9, 4, 19, 15, 2, 3, 21, 17, 8, 13, 22], [29, 26, 18, 19, 2, 12, 22, 16, 3, 27, 17, 10, 9, 6, 7, 15, 20], [2, 14, 7, 4, 0, 26, 5, 27, 23, 8, 11, 10, 15, 16, 21, 6, 1], [28, 9, 6, 27, 11, 16, 8, 22, 17, 18, 25, 29, 19, 4, 14, 2, 3], [25, 26, 3, 14, 5, 28, 8, 2, 1, 11, 23, 4, 13, 10, 18, 0, 29], [16, 17, 10, 14, 21, 11, 24, 29, 9, 12, 13, 28, 8, 15, 1, 5, 26], [0, 25, 12, 2, 4, 6, 11, 24, 20, 3, 18, 19, 14, 9, 16, 1, 27], [17, 0, 23, 6, 15, 8, 20, 11, 21, 5, 19, 25, 29, 24, 22, 28, 2], [22, 21, 1, 19, 6, 16, 14, 11, 24, 9, 15, 27, 13, 23, 7, 2, 12], [26, 22, 13, 24, 11, 12, 2, 23, 0, 14, 27, 20, 1, 28, 7, 5, 18]]",0
-1.4563557060886974,1.0141375620891722,S1-L_alt,18,"[[21, 8, 3, 29, 5, 25, 18, 10, 6, 7, 4, 24, 27, 11, 26, 13, 28, 20], [19, 13, 29, 28, 4, 11, 10, 8, 0, 7, 27, 26, 15, 21, 24, 3, 22, 17], [19, 3, 16, 7, 8, 9, 21, 22, 1, 6, 23, 26, 28, 13, 17, 0, 15, 18], [15, 10, 1, 22, 2, 14, 27, 5, 11, 21, 6, 28, 7, 19, 25, 18, 12, 20], [12, 25, 13, 14, 10, 6, 22, 27, 28, 5, 3, 1, 26, 24, 0, 16, 21, 11], [18, 15, 23, 11, 19, 27, 16, 6, 0, 1, 14, 9, 28, 21, 8, 26, 10, 17], [29, 28, 15, 23, 26, 2, 16, 4, 8, 19, 22, 7, 0, 21, 17, 25, 10, 5], [6, 18, 3, 17, 5, 21, 22, 26, 14, 28, 23, 25, 10, 9, 12, 16, 20, 4], [27, 13, 20, 22, 21, 29, 6, 10, 1, 3, 15, 7, 23, 24, 16, 14, 28, 0], [22, 14, 12, 19, 13, 7, 1, 21, 8, 2, 18, 29, 16, 20, 10, 25, 26, 5], [11, 20, 18, 19, 25, 24, 1, 7, 16, 9, 26, 14, 28, 5, 8, 27, 0, 22], [22, 17, 27, 7, 23, 2, 18, 6, 29, 1, 10, 19, 8, 14, 15, 4, 16, 9], [27, 23, 11, 0, 5, 17, 29, 1, 7, 22, 8, 13, 16, 3, 18, 2, 10, 28], [6, 24, 16, 17, 25, 11, 4, 14, 29, 22, 3, 23, 27, 28, 0, 2, 5, 8], [8, 1, 0, 9, 24, 18, 7, 11, 6, 12, 26, 17, 10, 29, 16, 21, 15, 20], [18, 21, 0, 5, 14, 28, 10, 24, 4, 27, 13, 9, 8, 12, 2, 23, 17, 3], [25, 7, 18, 29, 10, 20, 24, 27, 15, 13, 28, 22, 17, 19, 12, 0, 6, 4], [27, 8, 13, 20, 10, 11, 9, 1, 14, 2, 0, 21, 29, 16, 3, 28, 4, 18], [8, 0, 16, 17, 3, 28, 12, 20, 23, 13, 2, 1, 24, 19, 9, 4, 5, 15], [17, 15, 5, 2, 7, 18, 23, 22, 9, 4, 13, 10, 25, 0, 28, 11, 8, 6], [12, 28, 10, 11, 13, 6, 27, 21, 2, 24, 3, 15, 7, 4, 25, 26, 19, 16], [24, 11, 5, 17, 15, 0, 19, 14, 22, 20, 26, 27, 9, 25, 4, 7, 18, 23], [1, 2, 15, 27, 17, 29, 10, 3, 20, 12, 26, 28, 16, 18, 25, 4, 7, 9], [16, 18, 3, 17, 26, 13, 7, 29, 21, 9, 14, 19, 1, 22, 2, 24, 4, 20], [1, 29, 27, 16, 22, 25, 4, 0, 17, 11, 15, 14, 18, 23, 10, 21, 8, 6], [23, 24, 18, 4, 19, 13, 0, 3, 22, 5, 28, 9, 6, 29, 21, 7, 1, 26], [7, 5, 16, 27, 29, 17, 10, 4, 28, 0, 2, 11, 1, 15, 25, 21, 13, 20], [8, 13, 0, 1, 19, 28, 11, 17, 9, 18, 10, 26, 21, 16, 6, 25, 20, 7], [24, 4, 27, 18, 9, 10, 1, 2, 23, 22, 14, 11, 15, 3, 20, 6, 13, 21], [7, 1, 27, 20, 17, 22, 3, 2, 23, 13, 16, 9, 5, 25, 24, 10, 28, 0]]",0
-1.457221487199895,1.0147404513021179,S1-L_alt,19,"[[22, 7, 21, 10, 26, 2, 23, 5, 17, 18, 29, 25, 3, 6, 1, 15, 28, 14, 24], [25, 5, 21, 22, 3, 24, 19, 6, 15, 11, 29, 20, 28, 10, 18, 14, 12, 13, 4], [1, 25, 14, 29, 15, 5, 24, 20, 0, 8, 18, 10, 17, 26, 11, 16, 3, 4, 23], [16, 9, 24, 19, 7, 21, 26, 14, 6, 13, 10, 4, 5, 1, 2, 12, 22, 15, 28], [25, 0, 27, 9, 22, 7, 21, 15, 12, 29, 6, 3, 20, 14, 28, 2, 16, 18, 19], [21, 24, 3, 28, 29, 14, 10, 12, 8, 11, 25, 20, 27, 6, 0, 2, 7, 4, 23], [1, 28, 2, 15, 22, 27, 16, 23, 26, 24, 5, 20, 13, 7, 9, 10, 14, 3, 18], [17, 1, 12, 0, 26, 13, 8, 6, 14, 2, 18, 28, 3, 24, 22, 16, 11, 20, 23], [5, 11, 23, 4, 3, 25, 22, 18, 15, 27, 9, 7, 28, 1, 26, 2, 0, 14, 29], [11, 24, 14, 27, 1, 13, 4, 23, 15, 18, 12, 26, 2, 0, 3, 29, 5, 25, 6], [2, 6, 7, 17, 15, 22, 19, 20, 18, 12, 1, 8, 23, 24, 27, 25, 13, 9, 3], [18, 0, 6, 14, 22, 12, 29, 21, 25, 3, 20, 8, 10, 7, 1, 28, 17, 23, 5], [26, 7, 8, 21, 24, 29, 1, 14, 27, 17, 0, 5, 9, 20, 23, 6, 11, 13, 10], [28, 2, 15, 11, 19, 1, 21, 16, 26, 24, 22, 7, 25, 23, 12, 5, 20, 3, 17], [8, 25, 18, 26, 6, 2, 5, 4, 19, 24, 27, 11, 20, 16, 7, 12, 3, 13, 21], [6, 14, 16, 17, 20, 9, 22, 3, 19, 4, 12, 2, 8, 29, 7, 0, 27, 23, 25], [10, 21, 11, 19, 26, 6, 0, 24, 23, 14, 15, 1, 18, 9, 22, 12, 29, 13, 3], [11, 22, 28, 13, 26, 4, 8, 15, 5, 23, 12, 6, 1, 9, 16, 27, 25, 14, 29], [15, 23, 26, 13, 9, 10, 16, 20, 11, 17, 29, 14, 22, 28, 2, 7, 19, 4, 0], [25, 17, 23, 14, 9, 6, 11, 2, 29, 4, 10, 0, 5, 27, 22, 1, 28, 7, 26], [27, 29, 21, 3, 13, 28, 6, 26, 19, 9, 14, 16, 22, 24, 5, 10, 25, 12, 23], [25, 14, 17, 22, 3, 7, 4, 2, 13, 8, 5, 16, 28, 24, 12, 27, 10, 29, 1], [8, 6, 9, 0, 23, 12, 4, 20, 10, 24, 26, 18, 2, 14, 15, 27, 1, 3, 13], [18, 28, 10, 9, 26, 15, 13, 14, 0, 27, 25, 24, 29, 21, 5, 17, 1, 8, 7], [11, 20, 3, 23, 26, 16, 4, 10, 19, 25, 13, 21, 14, 0, 28, 5, 29, 8, 7], [28, 29, 9, 19, 21, 27, 10, 0, 11, 5, 2, 3, 7, 6, 1, 4, 22, 12, 15], [15, 9, 5, 1, 0, 2, 20, 27, 6, 21, 3, 7, 19, 24, 17, 4, 13, 23, 22], [28, 12, 22, 5, 26, 20, 0, 29, 13, 15, 18, 7, 6, 3, 16, 19, 24, 14, 8], [6, 21, 17, 3, 1, 22, 23, 2, 20, 16, 24, 26, 5, 15, 8, 29, 4, 13, 10], [25, 17, 19, 9, 20, 2, 14, 27, 28, 18, 11, 7, 21, 1, 16, 5, 10, 22, 4]]",0
-1.4499973151036851,1.0097098779008993,S1-L_alt,20,"[[14, 21, 25, 6, 18, 9, 4, 16, 28, 1, 5, 19, 23, 7, 22, 11, 10, 15, 13, 8], [18, 21, 23, 19, 15, 6, 9, 28, 27, 22, 24, 11, 29, 4, 0, 13, 20, 5, 17, 3], [21, 11, 25, 22, 23, 14, 12, 8, 0, 10, 15, 19, 26, 6, 7, 18, 13, 4, 5, 16], [20, 13, 22, 24, 18, 21, 0, 19, 29, 26, 5, 11, 16, 4, 14, 9, 2, 7, 23, 27], [29, 27, 17, 23, 14, 7, 13, 22, 6, 16, 8, 3, 9, 10, 24, 21, 2, 28, 15, 19], [10, 29, 13, 12, 4, 25, 3, 8, 0, 26, 11, 2, 27, 21, 16, 28, 22, 20, 14, 6], [8, 28, 7, 14, 3, 4, 11, 5, 1, 0, 9, 17, 26, 21, 27, 24, 10, 19, 2, 23], [23, 0, 13, 15, 3, 8, 10, 20, 2, 22, 6, 21, 1, 11, 12, 16, 14, 25, 29, 24], [20, 18, 29, 7, 27, 9, 0, 16, 17, 5, 22, 28, 14, 24, 13, 12, 21, 11, 19, 26], [26, 6, 10, 0, 20, 13, 29, 17, 16, 22, 14, 23, 15, 1, 27, 8, 2, 3, 11, 24], [15, 4, 21, 11, 13, 3, 25, 17, 9, 7, 5, 1, 29, 23, 14, 24, 2, 16, 19, 26], [14, 12, 24, 10, 5, 7, 25, 0, 16, 13, 3, 1, 27, 19, 17, 8, 22, 4, 2, 29], [20, 13, 5, 4, 16, 28, 10, 25, 17, 29, 18, 21, 23, 3, 0, 26, 19, 27, 8, 22], [5, 9, 16, 20, 25, 29, 6, 21, 0, 4, 26, 3, 7, 23, 19, 28, 18, 8, 22, 2], [23, 4, 18, 10, 15, 7, 11, 8, 27, 24, 6, 13, 3, 19, 2, 28, 29, 12, 20, 26], [27, 26, 6, 2, 14, 21, 7, 12, 13, 16, 24, 8, 20, 28, 11, 22, 19, 0, 1, 29], [3, 2, 7, 25, 17, 15, 6, 8, 20, 12, 29, 13, 27, 21, 10, 18, 0, 11, 9, 14], [23, 28, 16, 15, 25, 5, 14, 9, 29, 2, 12, 1, 20, 22, 4, 13, 21, 6, 3, 18], [4, 5, 23, 15, 19, 28, 2, 12, 16, 29, 24, 17, 25, 13, 0, 1, 6, 3, 21, 20], [0, 12, 20, 8, 11, 4, 6, 23, 15, 28, 29, 24, 18, 2, 9, 13, 10, 7, 5, 26], [14, 8, 26, 10, 21, 27, 5, 23, 1, 24, 25, 2, 0, 18, 7, 13, 9, 17, 4, 22], [19, 6, 10, 16, 20, 3, 25, 26, 11, 15, 27, 28, 17, 12, 14, 22, 23, 1, 8, 13], [11, 1, 29, 26, 28, 17, 2, 25, 6, 12, 15, 4, 8, 13, 0, 20, 27, 16, 9, 5], [19, 22, 17, 3, 24, 16, 13, 0, 25, 28, 4, 14, 9, 5, 10, 21, 29, 2, 8, 6], [29, 7, 5, 8, 10, 19, 16, 15, 4, 26, 13, 2, 14, 21, 12, 1, 20, 9, 17, 3], [24, 4, 28, 16, 3, 11, 22, 19, 14, 5, 23, 8, 0, 20, 27, 6, 7, 26, 13, 1], [1, 5, 13, 22, 12, 6, 4, 3, 10, 27, 25, 2, 21, 16, 7, 19, 20, 23, 24, 17], [22, 19, 5, 20, 4, 12, 8, 29, 3, 24, 7, 26, 6, 21, 11, 0, 18, 13, 14, 15], [17, 26, 18, 1, 16, 12, 22, 11, 14, 20, 15, 24, 3, 2, 9, 0, 27, 29, 21, 10], [2, 4, 14, 9, 3, 23, 28, 13, 18, 22, 16, 24, 8, 27, 20, 15, 19, 7, 0, 6]]",0
-1.4482630016299225,1.0085021836330588,S1-L_alt,21,"[[29, 24, 11, 6, 18, 28, 17, 2, 19, 13, 9, 7, 10, 20, 12, 27, 8, 23, 14, 4, 21], [10, 20, 22, 3, 0, 2, 26, 11, 21, 23, 5, 17, 16, 4, 28, 8, 7, 18, 6, 29, 9], [10, 11, 5, 1, 26, 18, 9, 0, 13, 21, 7, 12, 14, 27, 8, 4, 24, 25, 23, 20, 29], [4, 0, 16, 12, 28, 15, 17, 18, 19, 5, 9, 29, 23, 11, 14, 25, 22, 2, 24, 6, 20], [13, 7, 23, 3, 12, 9, 29, 22, 6, 27, 1, 10, 14, 24, 18, 16, 5, 25, 8, 0, 15], [3, 10, 0, 6, 20, 28, 25, 15, 27, 13, 12, 14, 7, 19, 2, 8, 16, 18, 29, 4, 21], [26, 23, 11, 21, 20, 8, 0, 22, 12, 19, 5, 27, 17, 16, 3, 13, 15, 24, 14, 2, 1], [25, 0, 10, 21, 26, 6, 29, 18, 20, 24, 4, 27, 22, 15, 19, 13, 8, 12, 14, 5, 16], [13, 0, 2, 15, 26, 23, 17, 18, 11, 5, 12, 9, 16, 20, 3, 19, 1, 10, 7, 25, 28], [4, 10, 20, 24, 27, 3, 11, 8, 2, 5, 15, 13, 17, 26, 23, 0, 21, 7, 12, 16, 28], [0, 9, 12, 1, 26, 14, 8, 15, 23, 2, 3, 20, 25, 22, 5, 11, 18, 21, 19, 16, 29], [22, 7, 0, 19, 24, 2, 12, 18, 6, 14, 8, 17, 5, 1, 27, 20, 10, 28, 25, 16, 26], [2, 21, 22, 13, 0, 20, 18, 9, 7, 8, 1, 29, 5, 27, 16, 3, 25, 11, 10, 15, 23], [11, 28, 6, 8, 26, 18, 19, 9, 29, 5, 16, 21, 12, 10, 7, 15, 20, 27, 17, 25, 23], [6, 22, 10, 27, 5, 1, 16, 12, 13, 25, 29, 19, 24, 28, 11, 7, 15, 2, 0, 18, 9], [12, 29, 1, 24, 13, 21, 20, 16, 27, 9, 4, 23, 3, 17, 19, 22, 0, 10, 14, 26, 11], [8, 28, 19, 7, 18, 21, 11, 12, 17, 5, 22, 10, 15, 20, 25, 24, 9, 1, 3, 27, 0], [18, 29, 23, 25, 26, 14, 22, 9, 4, 5, 6, 11, 8, 1, 20, 0, 7, 10, 21, 2, 3], [12, 10, 3, 2, 17, 22, 23, 4, 29, 21, 16, 15, 11, 24, 28, 26, 5, 8, 20, 6, 27], [20, 14, 23, 15, 26, 25, 12, 22, 4, 18, 21, 29, 5, 0, 13, 2, 8, 28, 11, 24, 3], [9, 25, 18, 27, 5, 1, 12, 4, 6, 17, 26, 3, 8, 10, 15, 7, 11, 28, 19, 23, 2], [5, 28, 12, 23, 13, 15, 9, 1, 24, 17, 22, 18, 10, 27, 11, 16, 2, 14, 25, 3, 19], [18, 23, 24, 6, 16, 5, 28, 4, 27, 9, 19, 14, 1, 15, 25, 17, 2, 10, 12, 11, 0], [2, 21, 8, 9, 27, 4, 1, 6, 28, 29, 0, 3, 19, 17, 11, 22, 25, 10, 7, 12, 5], [13, 26, 4, 3, 22, 29, 15, 20, 9, 27, 2, 8, 1, 21, 18, 7, 14, 10, 6, 11, 12], [4, 2, 19, 1, 9, 15, 24, 27, 22, 6, 11, 23, 21, 20, 8, 5, 13, 18, 12, 10, 0], [17, 5, 22, 24, 27, 0, 3, 12, 15, 10, 29, 21, 7, 1, 6, 19, 9, 13, 23, 25, 2], [23, 28, 21, 1, 15, 19, 16, 25, 4, 18, 8, 22, 11, 12, 5, 14, 3, 24, 0, 29, 9], [19, 9, 27, 25, 10, 8, 3, 21, 14, 23, 29, 7, 13, 15, 0, 24, 5, 4, 22, 18, 12], [20, 27, 26, 23, 16, 7, 12, 11, 2, 3, 18, 24, 10, 15, 5, 6, 4, 28, 9, 22, 8]]",0
-1.4470762741259,1.0076758024593098,S1-L_alt,22,"[[25, 9, 23, 24, 19, 6, 27, 21, 16, 10, 17, 28, 20, 1, 3, 15, 13, 11, 14, 7, 8, 4], [8, 26, 10, 0, 20, 5, 12, 28, 2, 23, 14, 18, 11, 22, 15, 13, 19, 9, 25, 24, 3, 29], [21, 0, 28, 15, 14, 1, 7, 13, 6, 16, 20, 5, 10, 11, 12, 17, 18, 25, 26, 23, 27, 3], [28, 24, 27, 19, 7, 29, 13, 14, 23, 20, 11, 6, 4, 10, 0, 15, 1, 2, 26, 12, 21, 5], [7, 15, 13, 5, 6, 18, 20, 19, 27, 16, 9, 25, 28, 12, 26, 10, 3, 8, 0, 11, 14, 17], [24, 20, 25, 6, 21, 2, 3, 16, 0, 14, 1, 26, 27, 12, 8, 28, 29, 23, 19, 9, 17, 4], [28, 7, 18, 20, 23, 27, 19, 25, 0, 15, 16, 14, 8, 1, 3, 21, 13, 4, 24, 29, 22, 12], [29, 0, 27, 18, 3, 15, 17, 10, 23, 21, 12, 11, 24, 25, 6, 19, 2, 16, 20, 28, 5, 22], [9, 21, 29, 19, 24, 23, 2, 15, 10, 27, 26, 22, 16, 0, 11, 28, 13, 1, 5, 20, 7, 25], [5, 15, 23, 19, 4, 3, 10, 18, 28, 16, 29, 21, 25, 17, 13, 11, 27, 24, 22, 8, 7, 20], [14, 3, 12, 20, 15, 25, 4, 19, 27, 6, 29, 11, 28, 24, 2, 5, 16, 23, 18, 9, 8, 13], [0, 26, 2, 23, 22, 28, 24, 9, 16, 7, 1, 6, 15, 13, 3, 4, 17, 20, 8, 29, 19, 21], [1, 27, 15, 3, 9, 25, 10, 22, 24, 18, 20, 6, 29, 8, 2, 16, 19, 23, 21, 0, 13, 14], [14, 1, 3, 10, 18, 23, 8, 29, 26, 25, 0, 15, 28, 12, 19, 11, 17, 27, 9, 21, 6, 2], [29, 18, 23, 22, 7, 25, 26, 15, 1, 8, 16, 10, 28, 5, 0, 17, 6, 27, 19, 2, 24, 12], [10, 9, 21, 13, 1, 28, 4, 24, 3, 7, 19, 25, 20, 14, 6, 17, 8, 26, 18, 11, 29, 23], [0, 25, 21, 19, 28, 4, 14, 5, 17, 15, 29, 23, 27, 26, 12, 18, 3, 6, 1, 13, 11, 8], [20, 5, 11, 26, 0, 12, 23, 16, 19, 28, 22, 3, 10, 8, 4, 18, 25, 2, 7, 15, 1, 13], [28, 19, 27, 11, 26, 24, 21, 29, 13, 17, 16, 15, 14, 20, 22, 23, 6, 4, 5, 7, 2, 25], [18, 5, 13, 7, 21, 28, 20, 14, 22, 26, 17, 10, 29, 3, 11, 9, 6, 4, 25, 27, 24, 1], [15, 7, 1, 11, 3, 27, 23, 29, 16, 14, 26, 0, 18, 8, 22, 25, 17, 5, 4, 24, 19, 28], [4, 27, 24, 1, 20, 0, 6, 15, 11, 10, 28, 25, 2, 18, 13, 9, 17, 14, 23, 16, 5, 22], [29, 9, 2, 10, 23, 7, 16, 20, 12, 1, 6, 4, 5, 19, 18, 8, 15, 13, 27, 24, 11, 28], [19, 7, 24, 4, 11, 29, 0, 8, 14, 16, 1, 12, 5, 17, 13, 20, 18, 22, 10, 3, 6, 15], [10, 6, 21, 13, 17, 23, 18, 15, 9, 1, 5, 8, 26, 12, 19, 20, 29, 2, 7, 4, 27, 22], [4, 20, 28, 1, 11, 18, 10, 13, 27, 21, 0, 23, 15, 19, 9, 14, 12, 22, 16, 5, 26, 3], [15, 11, 21, 13, 22, 25, 12, 1, 2, 24, 17, 4, 5, 9, 6, 28, 7, 16, 20, 27, 18, 3], [28, 10, 8, 13, 29, 17, 21, 5, 1, 24, 9, 12, 20, 3, 26, 7, 14, 25, 23, 6, 2, 18], [26, 21, 0, 17, 24, 11, 12, 13, 9, 16, 7, 2, 8, 6, 4, 5, 19, 23, 25, 3, 20, 27], [6, 24, 20, 7, 22, 3, 17, 16, 1, 27, 4, 5, 2, 18, 13, 0, 28, 9, 25, 26, 14, 12]]",0
-1.4444441763441562,1.0058429334586954,S1-L_alt,23,"[[15, 22, 17, 25, 9, 19, 21, 7, 6, 4, 8, 16, 23, 5, 28, 12, 13, 1, 29, 3, 10, 14, 27], [19, 21, 7, 11, 10, 27, 24, 0, 26, 28, 12, 22, 16, 14, 2, 5, 20, 9, 23, 3, 29, 15, 8], [10, 4, 22, 3, 24, 12, 5, 19, 9, 8, 16, 27, 18, 23, 21, 7, 25, 26, 17, 14, 0, 29, 20], [15, 4, 7, 11, 18, 25, 21, 8, 6, 1, 27, 5, 10, 9, 0, 28, 19, 29, 26, 24, 22, 12, 17], [16, 17, 6, 18, 25, 12, 24, 2, 28, 19, 1, 21, 29, 10, 9, 15, 3, 8, 7, 14, 5, 0, 13], [13, 0, 2, 19, 9, 4, 23, 25, 17, 11, 22, 28, 24, 26, 15, 20, 16, 6, 7, 3, 1, 29, 14], [16, 0, 27, 23, 13, 25, 5, 18, 7, 3, 29, 9, 19, 28, 4, 24, 26, 17, 21, 1, 20, 8, 22], [15, 13, 5, 21, 18, 8, 19, 0, 28, 4, 1, 20, 10, 29, 17, 22, 24, 2, 16, 11, 9, 3, 14], [17, 16, 6, 19, 24, 13, 21, 10, 4, 9, 22, 29, 1, 14, 18, 15, 12, 25, 0, 2, 26, 3, 11], [7, 25, 5, 24, 19, 13, 20, 1, 22, 0, 28, 3, 8, 21, 11, 18, 26, 17, 15, 12, 29, 23, 16], [19, 17, 24, 25, 11, 18, 28, 14, 3, 2, 15, 1, 20, 23, 26, 27, 4, 22, 7, 5, 16, 21, 6], [27, 23, 6, 5, 25, 8, 21, 0, 3, 24, 4, 18, 29, 1, 20, 9, 19, 28, 12, 22, 2, 15, 16], [25, 15, 24, 16, 0, 27, 22, 9, 23, 19, 26, 5, 4, 20, 10, 13, 7, 29, 14, 3, 28, 11, 21], [24, 19, 18, 3, 23, 1, 9, 26, 15, 10, 21, 28, 29, 20, 25, 12, 16, 8, 7, 0, 11, 6, 17], [25, 22, 21, 8, 4, 11, 0, 15, 16, 9, 24, 18, 13, 10, 29, 2, 19, 6, 5, 20, 7, 1, 17], [22, 19, 4, 29, 7, 9, 27, 26, 6, 17, 3, 28, 25, 21, 24, 0, 14, 2, 13, 5, 1, 12, 10], [28, 23, 15, 6, 21, 4, 24, 0, 7, 2, 17, 1, 22, 27, 20, 10, 14, 18, 19, 13, 25, 12, 3], [29, 0, 19, 18, 24, 5, 26, 3, 15, 25, 9, 21, 10, 27, 13, 4, 23, 12, 2, 20, 6, 22, 11], [17, 0, 14, 13, 12, 25, 8, 29, 5, 3, 1, 20, 6, 24, 22, 7, 11, 21, 27, 16, 26, 28, 2], [23, 10, 20, 15, 28, 7, 22, 17, 1, 5, 16, 18, 11, 13, 8, 14, 21, 26, 6, 25, 3, 27, 12], [1, 16, 17, 2, 10, 9, 5, 3, 28, 25, 23, 7, 14, 21, 19, 22, 15, 0, 6, 18, 24, 29, 11], [23, 5, 27, 24, 29, 6, 8, 10, 17, 16, 28, 7, 2, 20, 12, 3, 11, 4, 1, 0, 13, 25, 18], [8, 0, 17, 25, 10, 26, 1, 19, 16, 7, 28, 5, 12, 2, 11, 29, 6, 14, 18, 27, 15, 21, 24], [7, 2, 15, 21, 13, 0, 29, 14, 5, 27, 20, 11, 12, 17, 25, 1, 4, 22, 19, 28, 6, 8, 3], [9, 19, 28, 2, 3, 11, 18, 15, 13, 16, 29, 23, 25, 14, 17, 1, 8, 7, 4, 10, 5, 20, 21], [22, 9, 2, 1, 28, 3, 10, 12, 6, 15, 24, 20, 21, 27, 11, 13, 29, 7, 8, 19, 17, 4, 26], [0, 29, 12, 11, 6, 21, 5, 25, 18, 24, 20, 8, 16, 7, 10, 22, 15, 19, 4, 23, 28, 17, 14], [11, 12, 2, 10, 13, 16, 5, 17, 7, 20, 24, 8, 25, 23, 28, 4, 3, 0, 14, 22, 9, 21, 19], [23, 10, 18, 9, 19, 0, 13, 24, 16, 3, 5, 17, 11, 20, 22, 2, 21, 4, 15, 7, 1, 25, 27], [1, 5, 21, 18, 19, 9, 17, 11, 12, 28, 24, 3, 2, 13, 0, 7, 26, 27, 15, 8, 14, 23, 6]]",0
-1.44184491412061,1.0040329295952182,S1-L_alt,24,"[[24, 4, 29, 16, 6, 26, 9, 13, 25, 14, 2, 23, 17, 20, 27, 12, 3, 18, 19, 7, 21, 1, 11, 10], [7, 17, 12, 3, 23, 5, 29, 6, 15, 25, 21, 28, 2, 22, 24, 26, 27, 8, 13, 4, 19, 0, 9, 10], [13, 1, 15, 5, 24, 10, 17, 26, 8, 9, 16, 11, 28, 7, 19, 21, 25, 22, 20, 6, 23, 29, 18, 4], [28, 2, 14, 29, 25, 26, 13, 16, 18, 8, 21, 10, 5, 7, 4, 15, 9, 20, 24, 22, 19, 23, 12, 0], [19, 2, 10, 25, 8, 11, 15, 5, 22, 3, 18, 24, 13, 28, 14, 21, 0, 29, 12, 17, 7, 16, 1, 6], [29, 7, 26, 1, 23, 27, 25, 6, 11, 9, 22, 19, 14, 8, 3, 28, 10, 13, 24, 2, 15, 4, 17, 16], [24, 11, 29, 18, 1, 10, 16, 9, 26, 23, 17, 21, 20, 3, 15, 0, 27, 28, 25, 14, 5, 4, 12, 22], [25, 11, 14, 4, 12, 16, 1, 28, 0, 5, 9, 6, 23, 29, 21, 8, 26, 2, 10, 19, 13, 20, 15, 24], [9, 0, 17, 29, 25, 24, 14, 18, 6, 3, 21, 15, 20, 10, 27, 7, 13, 28, 23, 11, 1, 4, 2, 5], [0, 18, 17, 26, 16, 22, 8, 3, 11, 14, 12, 4, 6, 20, 5, 23, 13, 1, 25, 28, 24, 19, 10, 21], [29, 23, 8, 19, 1, 20, 15, 16, 11, 9, 26, 25, 14, 2, 12, 0, 3, 13, 18, 27, 7, 28, 6, 22], [29, 5, 14, 16, 23, 3, 25, 8, 22, 20, 24, 28, 9, 13, 15, 10, 12, 0, 1, 21, 2, 19, 4, 26], [7, 15, 14, 26, 5, 17, 6, 0, 22, 28, 19, 11, 25, 1, 21, 24, 18, 8, 29, 4, 23, 20, 2, 9], [4, 3, 0, 16, 6, 23, 18, 26, 19, 5, 20, 24, 21, 17, 2, 15, 29, 9, 8, 14, 25, 12, 11, 10], [13, 15, 27, 21, 22, 6, 28, 20, 19, 0, 26, 2, 4, 7, 16, 29, 11, 18, 9, 17, 1, 8, 12, 10], [17, 3, 24, 29, 8, 18, 28, 20, 13, 27, 19, 9, 26, 14, 23, 6, 7, 0, 1, 21, 2, 5, 12, 10], [0, 18, 23, 12, 25, 5, 6, 28, 17, 19, 8, 7, 3, 9, 15, 1, 4, 11, 24, 27, 29, 22, 21, 2], [18, 7, 21, 22, 4, 29, 5, 25, 3, 24, 8, 1, 14, 26, 10, 16, 6, 28, 9, 27, 15, 23, 0, 12], [8, 29, 23, 10, 26, 2, 0, 17, 22, 1, 9, 3, 21, 20, 11, 13, 6, 16, 15, 4, 12, 5, 14, 27], [26, 21, 10, 23, 4, 7, 16, 9, 18, 2, 14, 0, 1, 11, 28, 12, 5, 24, 22, 15, 17, 20, 13, 3], [19, 2, 7, 9, 24, 0, 12, 22, 10, 16, 21, 4, 11, 26, 14, 25, 6, 15, 1, 23, 18, 17, 13, 5], [22, 19, 29, 8, 5, 24, 4, 12, 0, 9, 6, 7, 16, 25, 14, 20, 27, 15, 26, 28, 18, 2, 13, 23], [27, 3, 2, 1, 29, 10, 25, 6, 26, 19, 8, 24, 15, 17, 16, 13, 11, 4, 0, 28, 23, 5, 12, 20], [22, 9, 7, 3, 18, 6, 27, 1, 10, 19, 14, 2, 17, 12, 11, 24, 28, 4, 15, 21, 26, 13, 29, 0], [14, 13, 23, 4, 18, 26, 25, 19, 3, 21, 17, 29, 28, 8, 5, 11, 9, 27, 16, 6, 2, 1, 22, 15], [17, 27, 4, 12, 6, 8, 0, 10, 5, 9, 24, 16, 29, 22, 21, 26, 2, 28, 1, 15, 3, 18, 19, 20], [25, 24, 23, 21, 12, 3, 6, 15, 10, 2, 29, 27, 28, 22, 7, 14, 17, 0, 9, 8, 13, 20, 1, 4], [24, 11, 12, 4, 1, 6, 20, 26, 0, 21, 7, 13, 14, 15, 19, 18, 28, 10, 16, 23, 3, 8, 25, 29], [19, 2, 16, 24, 10, 7, 27, 6, 4, 21, 11, 20, 26, 23, 29, 14, 12, 9, 22, 1, 5, 15, 8, 3], [22, 0, 21, 10, 9, 2, 13, 28, 11, 17, 15, 25, 6, 27, 26, 1, 23, 3, 16, 19, 12, 20, 4, 7]]",0
-1.4425992094389142,1.0045581853497032,S1-L_alt,25,"[[27, 7, 16, 13, 20, 4, 29, 15, 5, 12, 19, 25, 28, 10, 6, 26, 1, 18, 11, 14, 21, 24, 9, 2, 17], [25, 6, 18, 17, 21, 24, 0, 20, 27, 15, 13, 10, 7, 9, 28, 14, 19, 5, 23, 22, 2, 26, 11, 4, 12], [11, 12, 6, 10, 1, 7, 9, 5, 20, 27, 28, 4, 15, 24, 18, 19, 25, 14, 23, 3, 8, 22, 21, 16, 29], [5, 17, 11, 21, 15, 19, 12, 4, 13, 26, 18, 23, 27, 9, 16, 22, 1, 29, 6, 20, 0, 8, 24, 14, 2], [22, 2, 25, 16, 6, 21, 23, 27, 11, 1, 10, 7, 14, 19, 15, 28, 24, 5, 3, 0, 29, 20, 8, 13, 17], [25, 2, 17, 13, 9, 16, 6, 27, 1, 18, 12, 29, 3, 14, 21, 10, 11, 7, 24, 20, 22, 23, 4, 28, 26], [1, 4, 5, 26, 20, 22, 0, 21, 24, 14, 23, 15, 16, 27, 3, 2, 29, 17, 12, 8, 10, 7, 28, 13, 25], [11, 8, 19, 29, 15, 18, 27, 16, 26, 25, 14, 13, 17, 5, 22, 4, 23, 1, 24, 21, 3, 10, 12, 0, 28], [17, 29, 18, 24, 28, 5, 20, 16, 7, 25, 2, 13, 12, 15, 19, 9, 21, 11, 22, 4, 1, 0, 14, 27, 23], [1, 8, 4, 16, 21, 0, 26, 28, 24, 14, 25, 22, 18, 7, 19, 2, 13, 23, 3, 10, 15, 20, 27, 6, 5], [27, 19, 1, 24, 12, 4, 8, 25, 17, 14, 26, 20, 2, 29, 23, 11, 5, 13, 9, 16, 18, 28, 21, 0, 3], [25, 5, 6, 10, 12, 3, 2, 17, 16, 1, 19, 4, 26, 24, 15, 20, 21, 9, 0, 23, 13, 27, 22, 29, 18], [15, 19, 10, 7, 21, 29, 5, 1, 8, 28, 20, 2, 26, 17, 14, 24, 25, 27, 0, 6, 3, 4, 23, 18, 13], [28, 0, 7, 4, 1, 24, 25, 26, 10, 5, 22, 16, 19, 15, 9, 29, 14, 6, 11, 20, 8, 23, 3, 17, 12], [26, 28, 0, 29, 22, 9, 15, 3, 25, 7, 24, 16, 8, 11, 10, 19, 6, 1, 21, 13, 4, 5, 12, 18, 20], [27, 11, 23, 5, 4, 21, 28, 20, 0, 17, 13, 18, 1, 2, 24, 25, 3, 19, 8, 12, 9, 22, 10, 14, 6], [8, 7, 23, 14, 29, 12, 25, 13, 24, 18, 0, 22, 21, 26, 5, 2, 19, 10, 20, 3, 9, 27, 4, 6, 11], [11, 13, 16, 27, 14, 29, 6, 0, 26, 15, 24, 7, 12, 10, 23, 5, 22, 4, 20, 28, 1, 19, 18, 2, 8], [13, 20, 23, 6, 14, 0, 9, 4, 28, 12, 26, 17, 25, 29, 10, 5, 19, 22, 15, 3, 8, 2, 21, 11, 16], [16, 27, 29, 10, 4, 9, 13, 6, 5, 1, 8, 20, 23, 21, 17, 14, 26, 15, 11, 3, 24, 28, 2, 0, 25], [25, 23, 17, 24, 28, 9, 8, 12, 19, 10, 5, 6, 3, 4, 13, 0, 16, 29, 14, 2, 1, 15, 21, 7, 26], [22, 13, 10, 29, 7, 19, 15, 25, 1, 5, 16, 2, 18, 17, 28, 9, 27, 4, 0, 24, 23, 11, 12, 3, 26], [18, 14, 11, 6, 8, 15, 5, 13, 2, 23, 12, 24, 10, 29, 7, 3, 26, 0, 20, 25, 4, 21, 16, 17, 28], [27, 22, 15, 29, 12, 21, 0, 17, 8, 7, 24, 25, 26, 4, 10, 2, 16, 1, 28, 19, 9, 14, 13, 5, 18], [25, 11, 7, 23, 15, 3, 6, 28, 21, 0, 13, 29, 27, 10, 9, 19, 18, 2, 1, 20, 12, 4, 17, 8, 26], [7, 6, 23, 15, 9, 16, 26, 10, 5, 22, 19, 0, 12, 27, 18, 28, 4, 29, 14, 1, 3, 17, 8, 20, 24], [19, 5, 20, 9, 25, 18, 13, 7, 23, 16, 2, 8, 6, 28, 3, 4, 12, 29, 11, 15, 21, 10, 24, 1, 27], [17, 0, 4, 20, 29, 9, 8, 28, 6, 25, 14, 26, 7, 16, 1, 24, 3, 12, 21, 19, 11, 18, 23, 22, 5], [21, 23, 20, 7, 2, 27, 18, 17, 5, 8, 22, 6, 29, 26, 15, 24, 14, 1, 12, 19, 0, 11, 10, 13, 4], [5, 13, 9, 4, 6, 10, 20, 12, 17, 24, 25, 16, 21, 23, 3, 19, 15, 28, 7, 1, 14, 2, 18, 0, 22]]",0
-1.4391953873053671,1.0021879238360711,S1-L_alt,26,"[[3, 12, 16, 4, 29, 27, 9, 18, 11, 1, 10, 7, 13, 2, 17, 19, 15, 8, 14, 6, 22, 20, 21, 25, 23, 28], [2, 5, 24, 20, 21, 13, 6, 25, 19, 14, 15, 7, 9, 16, 17, 4, 27, 10, 12, 18, 0, 29, 3, 11, 22, 28], [20, 6, 13, 3, 1, 26, 24, 0, 4, 16, 21, 9, 10, 19, 18, 28, 8, 12, 25, 22, 11, 14, 23, 27, 7, 29], [24, 20, 1, 25, 13, 9, 28, 0, 10, 11, 29, 27, 19, 14, 15, 5, 18, 4, 23, 16, 8, 6, 12, 26, 2, 17], [28, 14, 1, 21, 26, 5, 13, 23, 27, 2, 8, 9, 18, 20, 17, 22, 11, 3, 0, 25, 15, 7, 6, 10, 29, 24], [19, 9, 12, 22, 25, 7, 13, 27, 21, 16, 28, 26, 29, 20, 24, 14, 4, 8, 15, 6, 18, 17, 3, 23, 11, 1], [28, 16, 15, 13, 10, 12, 29, 9, 22, 4, 26, 0, 7, 1, 21, 3, 18, 20, 11, 27, 14, 24, 2, 25, 8, 17], [9, 27, 2, 18, 20, 23, 24, 12, 11, 10, 21, 6, 0, 22, 19, 26, 1, 14, 13, 16, 25, 28, 4, 15, 8, 3], [26, 18, 3, 12, 28, 7, 5, 22, 2, 6, 21, 1, 0, 10, 13, 24, 27, 25, 4, 17, 11, 29, 16, 23, 20, 14], [1, 18, 26, 17, 16, 11, 13, 19, 2, 23, 5, 20, 4, 6, 14, 12, 8, 7, 21, 10, 3, 24, 22, 28, 0, 29], [16, 26, 23, 13, 18, 2, 21, 6, 17, 22, 5, 8, 20, 14, 11, 1, 7, 25, 12, 4, 15, 0, 28, 27, 3, 19], [18, 4, 21, 25, 0, 10, 16, 7, 17, 3, 26, 14, 15, 23, 8, 5, 12, 2, 9, 22, 24, 27, 19, 28, 6, 20], [25, 4, 13, 6, 21, 2, 23, 19, 1, 26, 15, 5, 16, 10, 22, 20, 11, 27, 24, 18, 3, 14, 17, 28, 8, 29], [12, 21, 28, 26, 17, 24, 10, 9, 15, 22, 1, 14, 29, 3, 4, 0, 23, 18, 20, 27, 16, 6, 11, 8, 25, 19], [7, 19, 10, 13, 25, 6, 9, 12, 28, 4, 24, 23, 21, 17, 3, 26, 20, 5, 2, 8, 0, 22, 27, 11, 1, 16], [9, 6, 13, 8, 21, 19, 2, 23, 0, 16, 10, 29, 3, 28, 22, 11, 26, 1, 18, 5, 20, 4, 17, 12, 7, 25], [22, 8, 26, 21, 1, 25, 18, 6, 11, 7, 5, 24, 2, 14, 3, 23, 0, 27, 20, 9, 12, 28, 13, 17, 15, 10], [7, 16, 8, 26, 1, 24, 2, 13, 25, 22, 9, 15, 12, 6, 5, 21, 29, 27, 0, 3, 10, 11, 19, 23, 28, 14], [10, 7, 17, 28, 4, 20, 2, 6, 8, 5, 14, 21, 9, 1, 12, 3, 29, 23, 25, 13, 24, 16, 15, 11, 27, 0], [0, 22, 18, 2, 29, 16, 23, 27, 21, 5, 26, 10, 6, 14, 1, 28, 24, 9, 20, 11, 25, 4, 3, 15, 13, 17], [10, 22, 21, 6, 16, 28, 24, 2, 3, 8, 23, 5, 13, 25, 26, 14, 17, 18, 11, 7, 27, 15, 29, 1, 12, 0], [19, 20, 4, 8, 28, 16, 13, 25, 3, 7, 23, 1, 9, 10, 11, 29, 12, 18, 26, 5, 17, 22, 15, 0, 2, 24], [27, 14, 7, 18, 1, 23, 10, 9, 17, 4, 8, 15, 13, 6, 25, 5, 3, 21, 29, 11, 28, 26, 0, 2, 20, 19], [12, 18, 11, 27, 25, 4, 0, 15, 20, 28, 8, 29, 14, 21, 26, 5, 6, 9, 19, 7, 3, 2, 22, 1, 10, 13], [2, 25, 26, 7, 8, 23, 29, 9, 20, 3, 17, 11, 18, 12, 21, 5, 13, 0, 19, 6, 10, 14, 1, 22, 16, 28], [10, 11, 21, 1, 12, 5, 4, 6, 16, 14, 26, 29, 24, 20, 8, 22, 9, 15, 23, 0, 19, 2, 13, 17, 27, 3], [29, 10, 23, 8, 22, 0, 14, 11, 13, 24, 3, 25, 19, 28, 7, 16, 17, 2, 12, 20, 15, 1, 6, 5, 27, 21], [17, 8, 21, 14, 4, 19, 23, 12, 9, 15, 29, 11, 22, 28, 24, 2, 3, 18, 10, 25, 20, 7, 16, 1, 5, 0], [8, 20, 22, 4, 0, 16, 10, 25, 3, 1, 19, 14, 9, 15, 26, 5, 17, 27, 24, 23, 21, 13, 18, 11, 12, 29], [19, 6, 7, 17, 9, 24, 27, 26, 11, 5, 10, 13, 22, 15, 4, 2, 28, 16, 3, 1, 20, 14, 23, 0, 25, 8]]",0
-1.4374504578744642,1.0009728371153783,S1-L_alt,27,"[[6, 14, 9, 21, 12, 29, 18, 2, 13, 11, 19, 26, 23, 16, 24, 5, 1, 10, 4, 22, 17, 7, 27, 20, 25, 28, 8], [19, 13, 20, 2, 26, 6, 15, 8, 24, 23, 28, 7, 9, 16, 14, 5, 27, 29, 21, 0, 25, 22, 10, 12, 17, 3, 4], [17, 21, 26, 8, 4, 23, 16, 7, 11, 28, 25, 18, 29, 13, 0, 20, 27, 10, 6, 15, 19, 12, 22, 3, 1, 9, 5], [5, 13, 2, 1, 26, 9, 25, 15, 29, 8, 4, 0, 28, 20, 23, 24, 17, 11, 18, 7, 12, 21, 27, 22, 10, 16, 6], [28, 6, 1, 2, 23, 14, 9, 11, 3, 13, 26, 17, 19, 0, 8, 22, 24, 29, 7, 20, 5, 21, 12, 18, 10, 27, 15], [26, 13, 15, 0, 21, 10, 23, 24, 28, 18, 11, 4, 2, 22, 19, 3, 29, 12, 27, 1, 8, 17, 14, 9, 16, 25, 6], [2, 12, 18, 7, 10, 1, 27, 24, 3, 19, 5, 11, 20, 21, 9, 17, 28, 4, 0, 23, 13, 29, 8, 25, 14, 22, 16], [5, 29, 18, 17, 10, 26, 3, 22, 2, 0, 6, 27, 24, 11, 19, 16, 14, 4, 23, 28, 9, 21, 12, 20, 13, 15, 8], [0, 24, 4, 25, 29, 15, 20, 2, 27, 11, 6, 9, 12, 1, 28, 7, 17, 5, 16, 23, 14, 26, 13, 3, 22, 10, 19], [21, 16, 27, 23, 7, 3, 6, 13, 26, 5, 20, 22, 11, 25, 14, 15, 24, 10, 12, 17, 4, 1, 18, 29, 8, 2, 28], [2, 24, 9, 19, 5, 22, 0, 17, 16, 6, 1, 13, 25, 28, 21, 18, 11, 23, 12, 27, 14, 7, 4, 8, 15, 26, 29], [0, 8, 19, 28, 21, 15, 17, 18, 22, 13, 25, 29, 23, 4, 12, 14, 9, 10, 7, 24, 2, 6, 27, 20, 3, 1, 16], [26, 25, 2, 23, 13, 18, 6, 10, 24, 21, 4, 28, 0, 19, 9, 15, 22, 17, 3, 20, 27, 8, 5, 16, 7, 14, 1], [6, 23, 18, 2, 15, 27, 14, 9, 1, 28, 7, 21, 4, 29, 0, 12, 25, 16, 20, 26, 22, 10, 5, 11, 19, 8, 24], [5, 18, 15, 25, 2, 28, 22, 1, 17, 11, 29, 19, 8, 21, 20, 3, 24, 6, 0, 4, 10, 13, 27, 7, 12, 23, 26], [8, 26, 16, 27, 17, 5, 14, 4, 3, 18, 12, 24, 1, 25, 13, 7, 9, 29, 2, 22, 23, 11, 21, 0, 10, 19, 6], [12, 21, 2, 24, 0, 23, 19, 26, 15, 14, 17, 5, 29, 4, 10, 3, 13, 27, 11, 18, 22, 28, 1, 8, 7, 9, 6], [21, 1, 7, 24, 5, 6, 4, 23, 12, 19, 14, 25, 0, 27, 2, 3, 16, 28, 13, 10, 8, 26, 18, 20, 29, 9, 22], [25, 24, 0, 20, 16, 2, 1, 8, 15, 3, 11, 7, 23, 4, 19, 14, 12, 13, 9, 27, 28, 29, 21, 17, 5, 6, 10], [9, 20, 5, 0, 23, 26, 15, 25, 10, 13, 28, 6, 8, 1, 22, 18, 11, 14, 27, 7, 2, 4, 3, 29, 16, 12, 17], [21, 9, 19, 4, 14, 17, 5, 7, 15, 8, 3, 18, 0, 16, 6, 12, 29, 2, 25, 10, 24, 23, 11, 27, 1, 26, 28], [20, 3, 14, 7, 2, 28, 10, 8, 1, 22, 5, 15, 16, 23, 13, 25, 18, 19, 27, 0, 9, 6, 26, 12, 24, 17, 4], [28, 19, 11, 9, 12, 6, 23, 29, 1, 21, 15, 24, 26, 10, 4, 7, 25, 2, 20, 16, 8, 3, 27, 18, 14, 0, 13], [25, 20, 18, 11, 28, 21, 22, 3, 8, 4, 17, 6, 2, 27, 9, 1, 10, 15, 12, 29, 16, 14, 7, 13, 24, 0, 19], [4, 2, 29, 8, 25, 14, 17, 5, 12, 16, 20, 6, 13, 22, 18, 23, 3, 7, 9, 15, 26, 0, 27, 21, 10, 1, 19], [20, 13, 24, 7, 5, 0, 21, 4, 12, 8, 26, 6, 19, 11, 16, 18, 29, 9, 28, 1, 3, 10, 2, 22, 23, 14, 15], [0, 13, 25, 8, 1, 2, 9, 10, 27, 24, 14, 5, 15, 21, 7, 4, 17, 11, 20, 12, 18, 16, 3, 19, 29, 22, 6], [29, 19, 9, 8, 16, 5, 15, 26, 2, 23, 13, 3, 12, 11, 4, 28, 14, 24, 1, 6, 25, 21, 18, 0, 10, 20, 22], [25, 11, 22, 4, 29, 18, 9, 2, 6, 13, 19, 14, 15, 8, 27, 24, 21, 0, 12, 20, 10, 17, 26, 3, 5, 1, 16], [24, 11, 21, 27, 6, 20, 26, 28, 12, 17, 13, 8, 3, 16, 4, 9, 0, 7, 10, 25, 14, 22, 18, 15, 1, 5, 23]]",0
-1.4362175349075677,1.000114287595735,S1-L_alt,28,"[[4, 24, 5, 6, 10, 16, 13, 12, 1, 17, 29, 15, 7, 25, 14, 20, 22, 9, 23, 18, 28, 19, 2, 8, 27, 26, 21, 11], [14, 15, 17, 4, 5, 24, 10, 18, 22, 0, 27, 29, 13, 25, 6, 16, 23, 19, 21, 3, 28, 11, 7, 8, 26, 2, 9, 12], [11, 15, 29, 26, 17, 0, 25, 9, 13, 22, 10, 24, 16, 5, 23, 20, 8, 3, 18, 6, 12, 28, 1, 19, 14, 7, 21, 4], [10, 18, 1, 0, 23, 5, 21, 6, 7, 4, 22, 25, 12, 9, 2, 27, 17, 28, 15, 14, 16, 24, 11, 13, 19, 29, 20, 8], [13, 20, 15, 0, 17, 19, 8, 2, 29, 7, 28, 11, 6, 25, 1, 27, 14, 9, 23, 26, 16, 24, 12, 22, 18, 21, 10, 5], [26, 29, 19, 6, 28, 14, 8, 7, 16, 4, 11, 15, 21, 22, 27, 9, 10, 3, 23, 1, 24, 20, 12, 13, 0, 18, 25, 2], [1, 9, 11, 2, 10, 29, 26, 7, 5, 24, 4, 22, 14, 17, 16, 8, 27, 0, 13, 15, 3, 25, 19, 12, 18, 21, 23, 20], [4, 26, 10, 15, 23, 28, 11, 3, 19, 29, 6, 9, 24, 22, 8, 20, 5, 14, 2, 17, 21, 0, 18, 13, 25, 12, 27, 16], [10, 14, 29, 5, 23, 3, 9, 22, 0, 16, 13, 15, 19, 4, 11, 6, 7, 20, 1, 28, 24, 2, 17, 25, 26, 12, 21, 27], [11, 23, 7, 13, 26, 16, 28, 4, 10, 27, 6, 12, 24, 15, 8, 3, 19, 21, 17, 2, 22, 18, 1, 5, 20, 0, 25, 29], [16, 8, 23, 24, 2, 1, 20, 29, 19, 25, 22, 11, 21, 13, 26, 14, 7, 12, 28, 27, 17, 4, 5, 6, 15, 0, 9, 3], [5, 18, 9, 12, 15, 22, 28, 3, 14, 7, 8, 23, 4, 26, 13, 25, 20, 29, 6, 16, 19, 24, 0, 17, 21, 1, 10, 2], [6, 10, 3, 11, 24, 29, 16, 5, 23, 18, 0, 21, 4, 1, 28, 8, 13, 27, 20, 22, 19, 7, 26, 2, 14, 15, 17, 9], [15, 29, 19, 20, 10, 3, 18, 1, 25, 8, 4, 7, 26, 5, 16, 11, 2, 6, 17, 9, 27, 12, 24, 14, 22, 0, 28, 23], [3, 24, 4, 23, 18, 11, 13, 6, 10, 7, 1, 21, 8, 2, 27, 29, 17, 15, 25, 26, 19, 28, 9, 16, 12, 20, 22, 0], [12, 13, 0, 5, 27, 28, 19, 2, 9, 24, 26, 25, 1, 23, 6, 20, 14, 22, 17, 3, 29, 16, 11, 7, 4, 8, 10, 18], [20, 4, 15, 0, 12, 28, 19, 13, 23, 6, 11, 25, 17, 2, 8, 18, 14, 27, 21, 9, 1, 3, 10, 22, 29, 7, 5, 26], [18, 2, 5, 11, 12, 21, 13, 7, 1, 24, 4, 29, 28, 26, 8, 6, 25, 20, 23, 16, 27, 19, 10, 15, 9, 3, 0, 14], [28, 5, 15, 4, 8, 2, 13, 9, 1, 25, 29, 26, 0, 21, 23, 11, 17, 12, 20, 6, 7, 22, 3, 16, 27, 14, 19, 10], [14, 17, 24, 5, 20, 28, 3, 22, 8, 10, 21, 18, 27, 25, 23, 11, 2, 12, 0, 26, 16, 1, 29, 13, 6, 15, 9, 7], [15, 8, 5, 12, 24, 2, 29, 16, 22, 9, 6, 14, 0, 17, 4, 23, 25, 18, 28, 26, 21, 7, 1, 10, 19, 13, 27, 3], [26, 6, 15, 13, 7, 1, 17, 3, 24, 5, 9, 4, 22, 25, 0, 12, 8, 27, 16, 28, 10, 14, 20, 2, 11, 18, 19, 23], [16, 10, 13, 21, 27, 29, 3, 18, 20, 17, 12, 11, 26, 9, 15, 14, 25, 28, 2, 1, 5, 0, 6, 8, 23, 4, 19, 24], [19, 6, 3, 5, 14, 20, 21, 10, 0, 28, 1, 24, 22, 26, 16, 7, 27, 29, 9, 2, 15, 12, 4, 25, 11, 17, 18, 8], [13, 25, 0, 29, 6, 8, 15, 16, 28, 19, 4, 1, 12, 9, 5, 14, 17, 10, 26, 20, 27, 7, 21, 23, 2, 22, 18, 3], [17, 21, 19, 10, 18, 2, 16, 8, 26, 4, 23, 24, 20, 22, 29, 13, 11, 9, 28, 12, 1, 15, 27, 7, 14, 0, 5, 6], [9, 29, 22, 18, 16, 2, 5, 12, 21, 3, 25, 8, 23, 11, 17, 4, 14, 20, 19, 1, 24, 7, 6, 10, 28, 15, 13, 27], [24, 26, 16, 1, 17, 12, 0, 10, 8, 29, 9, 20, 14, 19, 11, 25, 22, 23, 21, 28, 5, 13, 2, 4, 6, 18, 3, 15], [27, 16, 21, 10, 25, 18, 3, 13, 1, 2, 0, 15, 22, 26, 14, 19, 9, 23, 17, 6, 24, 8, 7, 5, 4, 20, 29, 12], [17, 3, 26, 4, 1, 12, 15, 24, 16, 0, 18, 2, 21, 23, 8, 7, 9, 11, 5, 13, 6, 25, 27, 20, 14, 22, 19, 28]]",0
-1.4360534118157842,1.0,S1-L_alt,29,"[[14, 25, 8, 10, 28, 20, 12, 19, 13, 6, 24, 29, 22, 2, 7, 27, 18, 21, 3, 5, 26, 15, 9, 4, 11, 1, 17, 23, 16], [16, 17, 3, 22, 6, 18, 15, 2, 28, 5, 19, 26, 8, 27, 23, 0, 24, 7, 29, 20, 14, 13, 9, 21, 12, 11, 25, 10, 4], [4, 16, 28, 25, 10, 20, 0, 9, 5, 17, 22, 19, 29, 13, 27, 8, 15, 11, 18, 7, 6, 12, 21, 14, 3, 23, 24, 1, 26], [19, 11, 20, 22, 24, 4, 6, 29, 8, 7, 0, 27, 23, 10, 16, 18, 12, 9, 26, 5, 21, 25, 14, 1, 15, 28, 13, 2, 17], [3, 22, 23, 18, 21, 2, 11, 13, 10, 8, 25, 26, 28, 5, 1, 6, 24, 9, 0, 27, 17, 7, 29, 14, 15, 20, 16, 12, 19], [10, 6, 29, 0, 1, 17, 23, 18, 7, 26, 14, 27, 11, 2, 9, 16, 4, 28, 19, 20, 13, 8, 24, 21, 3, 25, 15, 22, 12], [25, 21, 7, 18, 11, 14, 28, 23, 9, 27, 17, 12, 13, 20, 1, 5, 4, 19, 3, 2, 10, 8, 0, 24, 16, 22, 29, 15, 26], [1, 22, 9, 16, 8, 24, 13, 14, 12, 11, 26, 18, 25, 21, 20, 19, 15, 27, 2, 17, 28, 10, 4, 5, 23, 3, 0, 6, 29], [24, 21, 23, 7, 13, 3, 22, 20, 14, 16, 19, 4, 2, 27, 12, 0, 1, 6, 29, 11, 9, 25, 18, 17, 10, 26, 15, 5, 28], [15, 6, 7, 0, 3, 18, 4, 27, 11, 17, 21, 22, 2, 12, 16, 28, 8, 23, 19, 1, 14, 29, 13, 20, 24, 10, 26, 25, 5], [18, 5, 26, 24, 2, 19, 12, 27, 29, 25, 22, 0, 23, 17, 7, 3, 6, 13, 14, 21, 11, 8, 9, 1, 15, 28, 16, 4, 20], [23, 7, 14, 21, 5, 28, 18, 26, 22, 24, 4, 29, 19, 13, 27, 6, 8, 20, 2, 3, 15, 16, 1, 12, 9, 0, 17, 10, 25], [10, 20, 21, 9, 14, 27, 3, 6, 18, 5, 17, 24, 2, 11, 7, 0, 25, 13, 23, 15, 1, 29, 26, 19, 28, 16, 4, 8, 22], [15, 17, 8, 26, 29, 12, 0, 23, 24, 1, 27, 7, 16, 5, 3, 9, 28, 4, 22, 2, 14, 19, 25, 10, 11, 18, 21, 6, 20], [23, 8, 19, 21, 26, 6, 22, 29, 27, 16, 7, 28, 12, 15, 10, 4, 9, 17, 0, 3, 13, 20, 18, 2, 25, 5, 24, 1, 11], [4, 20, 14, 22, 7, 6, 9, 23, 13, 10, 29, 11, 0, 1, 26, 25, 21, 18, 12, 5, 2, 16, 28, 3, 19, 24, 17, 8, 27], [1, 21, 13, 4, 29, 0, 19, 14, 27, 18, 15, 10, 28, 20, 3, 25, 2, 26, 9, 11, 12, 22, 17, 23, 7, 6, 24, 5, 8], [0, 28, 12, 21, 6, 3, 22, 27, 24, 8, 20, 15, 7, 25, 16, 13, 23, 29, 11, 4, 26, 2, 14, 19, 5, 1, 18, 9, 10], [25, 0, 4, 20, 17, 26, 14, 28, 2, 12, 7, 16, 5, 22, 29, 19, 23, 24, 15, 9, 3, 10, 1, 11, 27, 21, 8, 6, 13], [15, 7, 10, 2, 23, 13, 22, 3, 9, 1, 16, 18, 21, 25, 24, 4, 8, 12, 20, 29, 5, 26, 11, 28, 0, 14, 17, 27, 6], [19, 18, 25, 2, 15, 5, 4, 0, 23, 22, 14, 24, 27, 3, 7, 29, 13, 11, 26, 1, 16, 12, 8, 17, 10, 21, 6, 9, 28], [17, 14, 20, 24, 9, 26, 27, 4, 10, 19, 11, 3, 0, 29, 12, 2, 15, 7, 5, 28, 8, 22, 1, 25, 23, 18, 16, 13, 6], [20, 15, 4, 14, 5, 6, 21, 1, 17, 16, 2, 26, 28, 19, 25, 24, 0, 12, 23, 9, 8, 11, 10, 13, 18, 3, 29, 7, 27], [19, 8, 15, 6, 27, 21, 9, 0, 3, 4, 1, 25, 7, 10, 16, 14, 26, 17, 12, 5, 22, 24, 28, 13, 20, 11, 2, 18, 29], [1, 13, 19, 2, 17, 28, 27, 18, 15, 3, 22, 4, 10, 25, 0, 20, 6, 8, 9, 26, 21, 7, 12, 23, 14, 11, 16, 29, 5], [19, 28, 0, 26, 6, 15, 5, 4, 2, 13, 21, 11, 12, 18, 14, 3, 7, 9, 8, 10, 27, 29, 23, 20, 24, 16, 17, 22, 1], [9, 15, 24, 6, 10, 3, 14, 16, 20, 2, 29, 13, 0, 28, 22, 19, 17, 11, 7, 18, 23, 27, 8, 5, 1, 25, 4, 21, 12], [5, 18, 3, 1, 4, 15, 16, 26, 21, 0, 10, 6, 14, 25, 2, 11, 29, 23, 28, 19, 24, 22, 13, 20, 12, 7, 9, 8, 17], [5, 7, 18, 0, 29, 11, 13, 2, 9, 6, 25, 24, 21, 12, 14, 1, 23, 26, 22, 3, 20, 16, 8, 15, 19, 17, 10, 4, 27], [20, 25, 11, 23, 16, 6, 28, 22, 13, 3, 27, 17, 2, 14, 15, 19, 18, 1, 10, 0, 26, 24, 7, 5, 8, 4, 21, 12, 9]]",0
